{
    "version" : "1.5.0",
    "name": "livecv",
    "webpage": "http://livecv.dinusv.com",
    "components" : {
        "livecv" : {
            "version" : "1.5.0",
            "versionsync" : {
                "README.md": "\\s*(?:\\* \\*\\*Version\\*\\*\\:)\\s*([0-9]*)\\.{1}([0-9]*)\\.{1}([0-9]*)\\s*",
                "application/src/livecv.h" : [
                  "(?:\\s*#define LIVECV_VERSION_MAJOR)\\s*([0-9]*)\\s*\n",
                  "(?:\\s*#define LIVECV_VERSION_MINOR)\\s*([0-9]*)\\s*\n",
                  "(?:\\s*#define LIVECV_VERSION_PATCH)\\s*([0-9]*)\\s*"
                ]
            }
        },
        "live" : {
            "version" : "1.0"
        },
        "lcvcore" : {
            "version" : "1.0"
        },
        "lcvimgproc" : {
            "version" : "1.0"
        },
        "lcvphoto" : {
            "version" : "1.0"
        },
        "lcvvideo" : {
            "version" : "1.0"
        }
    },
    "external" : {
        "opencv" : {}
    },
    "releases" : {
        "gcc_64" : {
            "compiler" : "gcc_64",
            "environment" : {
                "OPENCV_DIR" : "opencv_dir",
                "QTDIR" : "qtdir"
            },
            "build" : [
                {"qmake" : ["-recursive"]},
                {"make" : []}
            ],
            "deploy" : [
                { "copy" : {
                    "{release}/bin" : {
                        "livecv" : "-",
                        "liblvbase.so*" : "-",
                        "liblveditor.so*" : "-",
                        "liblveditqmljs.so*" : "-",
                        "plugins" : {
                            "live": "plugins/live",
                            "editor": "plugins/editor",
                            "lcvcore": "plugins/lcvcore",
                            "lcvimgproc": "plugins/lcvimgproc",
                            "lcvvideo": "plugins/lcvvideo",
                            "lcvfeatures2d": "plugins/lcvfeatures2d",
                            "lcvphoto": "plugins/lcvphoto"
                        }
                    },
                    "{source}/samples" : "-"
                }
              },
	      { "run" : ["mkdir", "-m", "775", "link"] },
              { "run" : ["chmod", "755", "livecv"] },
              { "solveincludes": [
                    {
                        "from": "{source}/lib/lvbase/include/live",
                        "source": ["{source}/lib/lvbase/src"],
                        "to": "dev/lvbase/include/live"
                    },
                    {
                        "from": "{source}/lib/lveditor/include/live",
                        "source": ["{source}/lib/lveditor/src"],
                        "to": "dev/lveditor/include/live"
                    },
                    {
                        "from": "{source}/lib/lveditqmljs/include/live",
                        "source": ["{source}/lib/lveditqmljs/src"],
                        "to": "dev/lveditqmljs/include/live"
                    },
                    {
                        "from": "{source}/plugins/live/include",
                        "source": ["{source}/plugins/live/src"],
                        "to": "dev/plugins/live/include"
                    },
                    {
                        "from": "{source}/plugins/lcvcore/include",
                        "source": ["{source}/plugins/lcvcore/src"],
                        "to": "dev/plugins/lcvcore/include"
                    },
                    {
                        "from": "{source}/plugins/lcvfeatures2d/include",
                        "source": ["{source}/plugins/lcvfeatures2d/src"],
                        "to": "dev/plugins/lcvfeatures2d/include"
                    },
                    {
                        "from": "{source}/plugins/lcvvideo/include",
                        "source": ["{source}/plugins/lcvvideo/src"],
                        "to": "dev/plugins/lcvvideo/include"
                    }
                ]
              }
            ]
        },
        "gcc_64_standalone" : {
            "compiler" : "gcc_64",
            "environment" : {
                "OPENCV_DIR" : "opencv_dir",
                "QTDIR" : "qtdir"
            },
            "build" : [
                {"qmake" : ["-recursive"]},
                {"make" : []}
            ],
            "deploy" : [
                { "copy" : {
                  "{release}/bin" : {
                      "livecv" : "-",
                      "liblvbase.so*" : "-",
                      "liblveditor.so*" : "-",
                      "liblveditqmljs.so*" : "-",
                      "plugins" : {
                          "live": "plugins/live",
                          "editor" :"plugins/editor",
                          "lcvcore": "plugins/lcvcore",
                          "lcvimgproc": "plugins/lcvimgproc",
                          "lcvvideo": "plugins/lcvvideo",
                          "lcvfeatures2d": "plugins/lcvfeatures2d",
                          "lcvphoto": "plugins/lcvphoto"
                      }
                  },
                  "{source}/samples" : "-",
                  "{qtdir}/lib" : {
                    "libQt5Core.so*": "lib/-",
                    "libQt5DBus.so*": "lib/-",
                    "libQt5Gui.so*": "lib/-",
                    "libQt5OpenGL.so*": "lib/-",
                    "libQt5Qml.so*": "lib/-",
                    "libQt5Quick.so*": "lib/-",
                    "libQt5Script.so*": "lib/-",
                    "libQt5Widgets.so*": "lib/-",
                    "libQt5Network.so*": "lib/-",
                    "libQt5Xml.so*": "lib/-",
                    "libQt5XcbQpa.so*": "lib/-",
                    "libicudata.so*": "lib/-",
                    "libicui18n.so*": "lib/-",
                    "libicuio.so*": "lib/-",
                    "libicule.so*": "lib/-",
                    "libiculx.so*": "lib/-",
                    "libicutu.so*": "lib/-",
                    "libicuuc.so*": "lib/-"
                  },
                  "{qtdir}/plugins" : {
                    "imageformats" : "libraries/imageformats",
                    "platforminputcontexts" : "libraries/platforminputcontexts",
                    "platforms" : "libraries/platforms",
                    "xcbglintegrations" : "libraries/xcbglintegrations"
                  },
                  "{qtdir}/qml" : {
                    "QtQuick" : {
                      "Controls/libqtquickcontrolsplugin.so": "plugins/QtQuick/Controls/-",
                      "Controls/qmldir": "plugins/QtQuick/Controls/-",
                      "Controls/*.qmltypes": "plugins/QtQuick/Controls/-",
                      "Controls/Private" : "plugins/QtQuick/Controls/Private",
                      "Controls/Styles" : "plugins/QtQuick/Controls/Styles",
                      "Dialogs" : "plugins/QtQuick/Dialogs",
                      "Layouts": "plugins/QtQuick/Layouts",
                      "LocalStorage": "plugins/QtQuick/LocalStorage",
                      "Particles.2": "plugins/QtQuick/Particles.2",
                      "PrivateWidgets": "plugins/QtQuick/PrivateWidgets",
                      "Window.2": "plugins/QtQuick/Window.2",
                      "XmlListModel": "plugins/QtQuick/XmlListModel"
                    },
                    "QtQuick.2" : "plugins/QtQuick.2",
                    "QtQml" : "plugins/QtQml",
                    "Qt" : "plugins/Qt",
                    "QtWebSockets" : "plugins/-"
                  },
                  "{opencv_dir}" : {
                    "libopencv_*.so*" : "external/opencv/-"
                  }
                }
              },
              { "run" : ["mkdir", "-m", "775", "link"] },
              { "run" : ["chmod", "755", "livecv"] },
              { "write" : {
                  "file": "launcher.sh",
                  "data": [
                    "#!/bin/bash\n",
		    "export LD_LIBRARY_PATH=`pwd`/lib:`pwd`:\n",
                    "export QML_IMPORT_PATH=`pwd`/plugins\n",
                    "export QML2_IMPORT_PATH=`pwd`/plugins\n",
                    "export QT_PLUGIN_PATH=`pwd`/libraries\n",
                    "export QT_QPA_PLATFORM_PLUGIN_PATH=`pwd`/libraries/platforms\n",
                    "./livecv"
                    ]
                  }
              },
              { "run" : ["chmod", "755", "launcher.sh"] },
              { "solveincludes": [
                    {
                        "from": "{source}/lib/lvbase/include/live",
                        "source": ["{source}/lib/lvbase/src"],
                        "to": "dev/lvbase/include/live"
                    },
                    {
                        "from": "{source}/lib/lveditor/include/live",
                        "source": ["{source}/lib/lveditor/src"],
                        "to": "dev/lveditor/include/live"
                    },
                    {
                        "from": "{source}/lib/lveditqmljs/include/live",
                        "source": ["{source}/lib/lveditqmljs/src"],
                        "to": "dev/lveditqmljs/include/live"
                    },
                    {
                        "from": "{source}/plugins/live/include",
                        "source": ["{source}/plugins/live/src"],
                        "to": "dev/plugins/live/include"
                    },
                    {
                        "from": "{source}/plugins/lcvcore/include",
                        "source": ["{source}/plugins/lcvcore/src"],
                        "to": "dev/plugins/lcvcore/include"
                    },
                    {
                        "from": "{source}/plugins/lcvfeatures2d/include",
                        "source": ["{source}/plugins/lcvfeatures2d/src"],
                        "to": "dev/plugins/lcvfeatures2d/include"
                    },
                    {
                        "from": "{source}/plugins/lcvvideo/include",
                        "source": ["{source}/plugins/lcvvideo/src"],
                        "to": "dev/plugins/lcvvideo/include"
                    }
                ]
              }
            ]
        },
        "msvc2015_64" : {
              "compiler" : "msvc2015_64",
              "environment" : {
                  "OPENCV_DIR" : "opencv_dir",
                  "QTDIR" : "qtdir",
                  "VS140COMNTOOLS": "vs140comntools"
              },
              "build" : [
                  {"qmake" : ["-recursive"]},
                  {"nmake" : []}
              ],
              "deploy" : [
                  { "copy" : {
                      "{qtdir}/bin" : {
                          "d3dcompiler_47.dll": "-",
                          "icudt*.dll": "-",
                          "icuin*.dll": "-",
                          "icuuc*.dll": "-",
                          "libEGL.dll": "-",
                          "libGLESv2.dll": "-",
                          "Qt*Core.dll": "-",
                          "Qt*Network.dll": "-",
                          "Qt*Qml.dll": "-",
                          "Qt*Quick.dll": "-",
                          "Qt*Script.dll": "-",
                          "Qt*Gui.dll": "-",
                          "Qt*Widgets.dll": "-",
                          "Qt*WinExtras.dll": "-"
                      },
                      "{qtdir}/plugins" : {
                          "platforms/qwindows.dll": "libraries/platforms/qwindows.dll"
                      },
                      "{qtdir}/qml" : {
                          "QtQuick" : {
                            "Controls/qtquickcontrolsplugin.dll": "plugins/QtQuick/Controls/-",
                            "Controls/qmldir": "plugins/QtQuick/Controls/-",
                            "Controls/*.qmltypes": "plugins/QtQuick/Controls/-",
                            "Controls/Styles/Flat/qtquickextrasflatplugin.dll" : "plugins/QtQuick/Controls/Styles/Flat/-",
                            "Controls/Styles/Flat/qmldir" : "plugins/QtQuick/Controls/Styles/Flat/-",
                            "Dialogs/dialogplugin.dll" : "plugins/QtQuick/Dialogs/-",
                            "Dialogs/qmldir": "plugins/QtQuick/Dialogs/-",
                            "Dialogs/*.qmltypes": "plugins/QtQuick/Dialogs/-",
                            "Dialogs/Private/dialogsprivateplugin.dll" : "plugins/QtQuick/Dialogs/Private/-",
                            "Dialogs/Private/qmldir" : "plugins/QtQuick/Dialogs/Private/-",
                            "Dialogs/Private/*.qmltypes" : "plugins/QtQuick/Dialogs/Private/-",
                            "Layouts/qquicklayoutsplugin.dll": "plugins/QtQuick/Layouts/-",
                            "Layouts/qmldir": "plugins/QtQuick/Layouts/-",
                            "Layouts/*.qmltypes": "plugins/QtQuick/Layouts/-",
                            "LocalStorage/qmllocalstorageplugin.dll": "plugins/QtQuick/LocalStorage/-",
                            "LocalStorage/qmldir": "plugins/QtQuick/LocalStorage/-",
                            "LocalStorage/*.qmltypes": "plugins/QtQuick/LocalStorage/-",
                            "Particles.2/particlesplugin.dll": "plugins/QtQuick/Particles.2/-",
                            "Particles.2/qmldir": "plugins/QtQuick/Particles.2/-",
                            "Particles.2/*.qmltypes": "plugins/QtQuick/Particles.2/-",
                            "PrivateWidgets/widgetsplugin.dll": "plugins/QtQuick/PrivateWidgets/-",
                            "PrivateWidgets/qmldir": "plugins/QtQuick/PrivateWidgets/-",
                            "PrivateWidgets/*.qmltypes": "plugins/QtQuick/PrivateWidgets/-",
                            "Window.2/windowplugin.dll": "plugins/QtQuick/Window.2/-",
                            "Window.2/qmldir": "plugins/QtQuick/Window.2/-",
                            "Window.2/*.qmltypes": "plugins/QtQuick/Window.2/-",
                            "XmlListModel/qmlxmllistmodelplugin.dll": "plugins/QtQuick/XmlListModel/-",
                            "XmlListModel/qmldir": "plugins/QtQuick/XmlListModel/-",
                            "XmlListModel/*.qmltypes": "plugins/QtQuick/XmlListModel/-"
                          },
                        "QtQuick.2" : {
                            "qtquick2plugin.dll": "plugins/QtQuick.2/-",
                            "qmldir": "plugins/QtQuick.2/-",
                            "*.qmltypes": "plugins/QtQuick.2/-"
                        },
                        "QtQml" : {
                            "Models.2/*modelsplugin.dll" : "plugins/QtQml/Models.2/-",
                            "Models.2/*qmldir": "plugins/QtQml/Models.2/-",
                            "Models.2/*.qmltypes": "plugins/QtQml/Models.2/-",
                            "StateMachine/*qtqmlstatemachine.dll": "plugins/QtQml/StateMachine/-",
                            "StateMachine/*qmldir": "plugins/QtQml/StateMachine/-",
                            "StateMachine/*.qmltypes": "plugins/QtQml/StateMachine/-",
                            "*.qmltypes" : "plugins/QtQml/-",
                            "*qmldir": "plugins/QtQml/-"
                        },
                        "Qt/labs" : {
                            "folderlistmodel/qmlfolderlistmodelplugin.dll" : "plugins/Qt/labs/folderlistmodel/-",
                            "folderlistmodel/qmldir" : "plugins/Qt/labs/folderlistmodel/-",
                            "folderlistmodel/*.qmltypes" : "plugins/Qt/labs/folderlistmodel/-",
                            "settings/qmlsettingsplugin.dll" : "plugins/Qt/labs/settings/-",
                            "settings/*.qmltypes" : "plugins/Qt/labs/settings/-",
                            "settings/qmldir" : "plugins/Qt/labs/settings/-"
                        }
                      },
                      "{vs140comntools}/../../VC/redist/x64/Microsoft.VC140.CRT" : {
                        "vcruntime140.dll": "-",
                        "vccorlib140.dll": "-",
                        "msvcp140.dll": "-",
                        "concrt140.dll": "-"
                      },
                      "{release}/bin/livecv.exe" : "-",
                      "{release}/bin/lvbase.dll" : "-",
                      "{release}/bin/lveditor.dll" : "-",
                      "{release}/bin/lveditqmljs.dll" : "-",
                      "{release}/bin/external/opencv" : "external/opencv",
                      "{release}/bin/plugins": {
                            "live" : "plugins/live",
                            "editor": "plugins/editor",
                            "lcvcore": "plugins/lcvcore",
                            "lcvimgproc": "plugins/lcvimgproc",
                            "lcvvideo": "plugins/lcvvideo",
                            "lcvfeatures2d": "plugins/lcvfeatures2d",
                            "lcvphoto": "plugins/lcvphoto"
                      },
                      "{release}/bin/dev/lvbase/lib/lvbase.lib" : "dev/lvbase/lib/-",
                      "{release}/bin/dev/lveditor/lib/lveditor.lib" : "dev/lveditor/lib/-",
                      "{release}/bin/dev/lveditqmljs/lib/lveditqmljs.lib" : "dev/lveditqmljs/lib/-",
                      "{release}/bin/dev/plugins": {
                            "live/lib/live.lib" : "dev/plugins/live/lib/-",
                            "lcvcore/lib/lcvcore.lib": "dev/plugins/lcvcore/lib/-",
                            "lcvimgproc/lib/lcvimgproc.lib": "dev/plugins/lcvimgproc/lib/-",
                            "lcvvideo/lib/lcvvideo.lib": "dev/plugins/lcvvideo/lib/-",
                            "lcvfeatures2d/lib/lcvfeatures2d.lib": "dev/plugins/lcvfeatures2d/lib/-",
                            "lcvphoto/lib/lcvphoto.lib": "dev/plugins/lcvphoto/lib/-"
                      },
                      "{source}/project" : "dev/project",
                      "{source}/samples" : "-"
                    }
                  },
                { "solveincludes": [
                      {
                          "from": "{source}/lib/lvbase/include/live",
                          "source": ["{source}/lib/lvbase/src"],
                          "to": "dev/lvbase/include/live"
                      },
                      {
                          "from": "{source}/lib/lveditor/include/live",
                          "source": ["{source}/lib/lveditor/src"],
                          "to": "dev/lveditor/include/live"
                      },
                      {
                          "from": "{source}/lib/lveditqmljs/include/live",
                          "source": ["{source}/lib/lveditqmljs/src"],
                          "to": "dev/lveditqmljs/include/live"
                      },
                      {
                          "from": "{source}/plugins/live/include",
                          "source": ["{source}/plugins/live/src"],
                          "to": "dev/plugins/live/include"
                      },
                      {
                          "from": "{source}/plugins/lcvcore/include",
                          "source": ["{source}/plugins/lcvcore/src"],
                          "to": "dev/plugins/lcvcore/include"
                      },
                      {
                          "from": "{source}/plugins/lcvfeatures2d/include",
                          "source": ["{source}/plugins/lcvfeatures2d/src"],
                          "to": "dev/plugins/lcvfeatures2d/include"
                      },
                      {
                          "from": "{source}/plugins/lcvvideo/include",
                          "source": ["{source}/plugins/lcvvideo/src"],
                          "to": "dev/plugins/lcvvideo/include"
                      }
                  ]
                }
            ]
        },
        "macos_clang_64" : {
            "compiler" : "clang_64",
            "environment" : {
                "OPENCV_DIR" : "opencv_dir",
                "QTDIR" : "qtdir"
            },
            "build" : [
                {"qmake" : ["-recursive"]},
                {"make" : []}
            ],
            "deploy" : [
                { "copy" : {
                    "{release}/bin/livecv.app" : "-",
                    "{source}/samples" : "livecv.app/Contents/Samples",
                    "{source}/project" : "livecv.app/Contents/Project",
                    "{opencv_dir}/lib/libopencv_*": "livecv.app/Contents/Frameworks/OpenCV.framework/Libraries/-",
                    "{qtdir}/qml" : {
                        "Qt" : "livecv.app/Contents/PlugIns/Qt",
                        "QtCanvas3D" : "livecv.app/Contents/PlugIns/QtCanvas3D",
                        "QtGraphicalEffects" : "livecv.app/Contents/PlugIns/QtGraphicalEffects",
                        "QtMultimedia" : "livecv.app/Contents/PlugIns/QtMultimedia",
                        "QtQml" : "livecv.app/Contents/PlugIns/QtQml",
                        "QtQuick" : "livecv.app/Contents/PlugIns/QtQuick",
                        "QtQuick.2" : "livecv.app/Contents/PlugIns/QtQuick.2",
                        "QtWebSockets" : "livecv.app/Contents/PlugIns/QtWebSockets"
                    },
                    "{qtdir}/plugins" : {
                        "imageformats" : "livecv.app/Contents/Libraries/imageformats",
                        "platforms" : "livecv.app/Contents/Libraries/platforms"
                    },
                    "{qtdir}/lib" : {
                        "Qt3DExtras.framework/Versions/5" : "livecv.app/Contents/Frameworks/Qt3DExtras.framework/Versions/5",
                        "Qt3DInput.framework/Versions/5" : "livecv.app/Contents/Frameworks/Qt3DInput.framework/Versions/5",
                        "Qt3DLogic.framework/Versions/5" : "livecv.app/Contents/Frameworks/Qt3DLogic.framework/Versions/5",
                        "Qt3DQuick.framework/Versions/5" : "livecv.app/Contents/Frameworks/Qt3DQuick.framework/Versions/5",
                        "Qt3DQuickExtras.framework/Versions/5" : "livecv.app/Contents/Frameworks/Qt3DQuickExtras.framework/Versions/5",
                        "Qt3DQuickInput.framework/Versions/5" : "livecv.app/Contents/Frameworks/Qt3DQuickInput.framework/Versions/5",
                        "Qt3DQuickRender.framework/Versions/5" : "livecv.app/Contents/Frameworks/Qt3DQuickRender.framework/Versions/5",
                        "Qt3DRender.framework/Versions/5" : "livecv.app/Contents/Frameworks/Qt3DRender.framework/Versions/5",
                        "QtCLucene.framework/Versions/5" : "livecv.app/Contents/Frameworks/QtCLucene.framework/Versions/5",
                        "QtConcurrent.framework/Versions/5" : "livecv.app/Contents/Frameworks/QtConcurrent.framework/Versions/5",
                        "QtCore.framework/Versions/5" : "livecv.app/Contents/Frameworks/QtCore.framework/Versions/5",
                        "QtDBus.framework/Versions/5" : "livecv.app/Contents/Frameworks/QtDBus.framework/Versions/5",
                        "QtGui.framework/Versions/5" : "livecv.app/Contents/Frameworks/QtGui.framework/Versions/5",
                        "QtMacExtras.framework/Versions/5" : "livecv.app/Contents/Frameworks/QtMacExtras.framework/Versions/5",
                        "QtMultimedia.framework/Versions/5" : "livecv.app/Contents/Frameworks/QtMultimedia.framework/Versions/5",
                        "QtMultimediaQuick_p.framework/Versions/5" : "livecv.app/Contents/Frameworks/QtMultimediaQuick_p.framework/Versions/5",
                        "QtMultimediaWidgets.framework/Versions/5" : "livecv.app/Contents/Frameworks/QtMultimediaWidgets.framework/Versions/5",
                        "QtNetwork.framework/Versions/5" : "livecv.app/Contents/Frameworks/QtNetwork.framework/Versions/5",
                        "QtNfc.framework/Versions/5" : "livecv.app/Contents/Frameworks/QtNfc.framework/Versions/5",
                        "QtOpenGL.framework/Versions/5" : "livecv.app/Contents/Frameworks/QtOpenGL.framework/Versions/5",
                        "QtPositioning.framework/Versions/5" : "livecv.app/Contents/Frameworks/QtPositioning.framework/Versions/5",
                        "QtPrintSupport.framework/Versions/5" : "livecv.app/Contents/Frameworks/QtPrintSupport.framework/Versions/5",
                        "QtQml.framework/Versions/5" : "livecv.app/Contents/Frameworks/QtQml.framework/Versions/5",
                        "QtQuick.framework/Versions/5" : "livecv.app/Contents/Frameworks/QtQuick.framework/Versions/5",
                        "QtQuickControls2.framework/Versions/5" : "livecv.app/Contents/Frameworks/QtQuickControls2.framework/Versions/5",
                        "QtQuickParticles.framework/Versions/5" : "livecv.app/Contents/Frameworks/QtQuickParticles.framework/Versions/5",
                        "QtQuickTemplates2.framework/Versions/5" : "livecv.app/Contents/Frameworks/QtQuickTemplates2.framework/Versions/5",
                        "QtQuickWidgets.framework/Versions/5" : "livecv.app/Contents/Frameworks/QtQuickWidgets.framework/Versions/5",
                        "QtSql.framework/Versions/5" : "livecv.app/Contents/Frameworks/QtSql.framework/Versions/5",
                        "QtUiPlugin.framework/Versions/5" : "livecv.app/Contents/Frameworks/QtUiPlugin.framework/Versions/5",
                        "QtWebChannel.framework/Versions/5" : "livecv.app/Contents/Frameworks/QtWebChannel.framework/Versions/5",
                        "QtWebSockets.framework/Versions/5" : "livecv.app/Contents/Frameworks/QtWebSockets.framework/Versions/5",
                        "QtWebView.framework/Versions/5" : "livecv.app/Contents/Frameworks/QtWebView.framework/Versions/5",
                        "QtWidgets.framework/Versions/5" : "livecv.app/Contents/Frameworks/QtWidgets.framework/Versions/5",
                        "QtXml.framework/Versions/5" : "livecv.app/Contents/Frameworks/QtXml.framework/Versions/5",
                        "libQt5Bootstrap.a" : "livecv.app/Contents/Frameworks/-",
                        "libQt5Bootstrap.la" : "livecv.app/Contents/Frameworks/-",
                        "libQt5OpenGLExtensions.a" : "livecv.app/Contents/Frameworks/-",
                        "libQt5OpenGLExtensions.la" : "livecv.app/Contents/Frameworks/-",
                        "libQt5PacketProtocol.a" : "livecv.app/Contents/Frameworks/-",
                        "libQt5PacketProtocol.la" : "livecv.app/Contents/Frameworks/-",
                        "libQt5PlatformSupport.a" : "livecv.app/Contents/Frameworks/-",
                        "libQt5PlatformSupport.la" : "livecv.app/Contents/Frameworks/-",
                        "libQt5QmlDebug.a" : "livecv.app/Contents/Frameworks/-",
                        "libQt5QmlDebug.la" : "livecv.app/Contents/Frameworks/-",
                        "libQt5QmlDevTools.a" : "livecv.app/Contents/Frameworks/-",
                        "libQt5QmlDevTools.la" : "livecv.app/Contents/Frameworks/-",
                        "libQt5UiTools.a" : "livecv.app/Contents/Frameworks/-",
                        "libQt5UiTools.la" : "livecv.app/Contents/Frameworks/-",
                        "libqtfreetype.a" : "livecv.app/Contents/Frameworks/-",
                        "libqtpng.a" : "livecv.app/Contents/Frameworks/-"
                    }
                }},
                { "clean" : {
                    "livecv.app/Contents/PlugIns" : ["*_debug.dylib.dSYM", "*_debug.dylib"],
                    "livecv.app/Contents/Libraries" : ["*_debug.dylib.dSYM", "*_debug.dylib"],
                    "livecv.app/Contents/Frameworks" : ["*_debug.dylib.dSYM", "*_debug.dylib", "*Headers", "*_debug", "*.pri"]
                }},
                { "dylibrelink" : {
                    "livecv.app/Contents/PlugIns/lcvcore/liblcvcore.dylib" : {
                        "*/libopencv_*.dylib": "@rpath/OpenCV.framework/Libraries/-"
                    },
                    "livecv.app/Contents/PlugIns/lcvimgproc/liblcvimgproc.dylib" : {
                        "*/libopencv_*.dylib": "@rpath/OpenCV.framework/Libraries/-"
                    },
                    "livecv.app/Contents/PlugIns/lcvvideo/liblcvvideo.dylib" : {
                        "*/libopencv_*.dylib": "@rpath/OpenCV.framework/Libraries/-"
                    },
                    "livecv.app/Contents/PlugIns/lcvphoto/liblcvphoto.dylib" : {
                        "*/libopencv_*.dylib": "@rpath/OpenCV.framework/Libraries/-"
                    },
                    "livecv.app/Contents/PlugIns/lcvfeatures2d/liblcvfeatures2d.dylib" : {
                        "*/libopencv_*.dylib": "@rpath/OpenCV.framework/Libraries/-"
                    }
                }},
                { "dylibaddrpath" : {
                    "livecv.app/Contents/Frameworks/OpenCV.framework/Libraries/*.dylib" : ["@loader_path"]
                }},
                { "solveincludes": [
                    {
                        "from": "{source}/lib/lvbase/include/live",
                        "source": ["{source}/lib/lvbase/src"],
                        "to": "livecv.app/Contents/Dev/lvbase/include/live"
                    },
                    {
                        "from": "{source}/lib/lveditor/include/live",
                        "source": ["{source}/lib/lveditor/src"],
                        "to": "livecv.app/Contents/Dev/lveditor/include/live"
                    },
                    {
                        "from": "{source}/lib/lveditqmljs/include/live",
                        "source": ["{source}/lib/lveditqmljs/src"],
                        "to": "livecv.app/Contents/Dev/lveditqmljs/include/live"
                    },
                    {
                        "from": "{source}/plugins/live/include",
                        "source": ["{source}/plugins/live/src"],
                        "to": "livecv.app/Contents/Dev/plugins/live/include"
                    },
                    {
                        "from": "{source}/plugins/lcvcore/include",
                        "source": ["{source}/plugins/lcvcore/src"],
                        "to": "livecv.app/Contents/Dev/plugins/lcvcore/include"
                    },
                    {
                        "from": "{source}/plugins/lcvfeatures2d/include",
                        "source": ["{source}/plugins/lcvfeatures2d/src"],
                        "to": "livecv.app/Contents/Dev/plugins/lcvfeatures2d/include"
                    },
                    {
                        "from": "{source}/plugins/lcvvideo/include",
                        "source": ["{source}/plugins/lcvvideo/src"],
                        "to": "livecv.app/Contents/Dev/plugins/lcvvideo/include"
                    }
                ]
              }
            ]
        }
    }
}
